INSERT INTO products (id, handle, cover_image_url, image_urls, name, description, materials, is_published)
VALUES (15, 'silk-drawstring-pouch', '/images/products/15/1.png',
        '/images/products/15/1.png;/images/products/15/2.png;/images/products/15/3.png;/images/products/15/4.png',
        'Silk drawstring pouch',
        'A petite silk pouch accented with a delicate rose, perfect for adding a touch of romance to your summer outfits.',
        '100% silk', true),
       (16, 'loose-shirt-with-ribbons', '/images/products/16/1.png',
        '/images/products/16/1.png;/images/products/16/2.png;/images/products/16/3.png;/images/products/16/4.png',
        'Loose shirt with ribbons',
        'A whimsical shirt made of rustling silk in a delightful pistachio ice cream hue, fastened with thin ribbons instead of traditional buttons.',
        '100% cotton', true),
       (17, 'blush-pink-dress', '/images/products/17/1.png',
        '/images/products/17/1.png;/images/products/17/2.png;/images/products/17/3.png;/images/products/17/4.png',
        'Blush pink dress',
        'A dress made of dense blush pink summer cotton, beautifully complemented by a cherry red ribbon trim.',
        '100% silk', true),
       (18, 'top-with-diagonal-cutout', '/images/products/18/1.png',
        '/images/products/18/1.png',
        'Top with diagonal cutout',
        'A light and airy summer cotton top inspired by our dress design, featuring diagonal lines and cutouts perfect for hot weather.',
        '100% cotton', true),
       (19, 'loose-shirt-with-ribbons-1', '/images/products/19/1.png',
        '/images/products/19/1.png;/images/products/19/2.png',
        'Loose shirt with ribbons',
        'A whimsical shirt made of rustling silk in a cream hue, fastened with thin ribbons instead of traditional buttons.',
        '100% silk', true),
       (20, 'embroidered-silk-pouch', '/images/products/20/1.png',
        '/images/products/20/1.png;/images/products/20/2.png',
        'Embroidered silk pouch',
        'An elegant accessory for your neck or as a slender belt, this embroidered creamy pouch is made from sheer silk organza with intricate detailing.',
        '100% silk', true),
       (21, 'silk-underwear-shorts', '/images/products/21/1.png',
        '/images/products/21/1.png;/images/products/21/2.png',
        'Silk underwear shorts',
        'Shorts made of dense, crisp silk in a shade of buttercream with an accent on buttons.',
        '100% silk', true),
       (22, 'textured-floral-top', '/images/products/22/1.png',
        '/images/products/22/1.png;/images/products/22/2.png;/images/products/22/3.png;/images/products/22/4.png',
        'Textured floral top',
        'A breezy cotton top adorned with a textured floral pattern and charming cream-colored mother-of-pearl buttons.',
        '100% cotton', true),
       (23, 'sheer-dress-with-twisted-straps', '/images/products/23/1.png',
        '/images/products/23/1.png;/images/products/23/2.png;/images/products/23/3.png;/images/products/23/4.png',
        'Sheer dress with twisted straps',
        'A dress of semi-sheer vanilla viscose with twisted straps and an additional mini-length slip dress on top.',
        '100% silk', true),
       (24, 'ribbon-dress-with-pearls', '/images/products/24/1.png',
        '/images/products/24/1.png;/images/products/24/2.png;/images/products/24/3.png;/images/products/24/4.png',
        'Ribbon dress with pearls',
        'A loose-fitting dress with deep front and back necklines in milky cotton, featuring a wide ruffle and large baroque pearls hanging from delicate ribbons.',
        '100% silk', true),
       (25, 'weightless-blouse-with-watercolor-print', '/images/products/25/1.png',
        '/images/products/25/1.png;/images/products/25/2.png;/images/products/25/3.png;/images/products/25/4.png',
        'Weightless blouse with watercolor print',
        'A feather-light, floaty blouse crafted from the finest silk, decorated with a dreamy watercolor candy print and delicate ribbons.',
        '100% silk', true),
       (26, 'puff-sleeve-top', '/images/products/26/1.png',
        '/images/products/26/1.png;/images/products/26/2.png;/images/products/26/3.png;/images/products/26/4.png',
        'Puff sleeve top',
        'An ultra-voluminous, cloud-like top with lush gathers around the neckline, available in a sweet biscuit shade.',
        '100% silk', true);

INSERT INTO product_variants (product_id, id, name, available)
VALUES (15, 31, 'XS-S', 10),
       (15, 32, 'M-L', 10),
       (16, 33, 'XS-S', 10),
       (16, 34, 'M-L', 10),
       (17, 35, 'XS-S', 10),
       (17, 36, 'M-L', 10),
       (18, 37, 'XS-S', 10),
       (18, 38, 'M-L', 10),
       (19, 39, 'XS-S', 10),
       (19, 40, 'M-L', 10),
       (20, 41, 'XS-S', 10),
       (20, 42, 'M-L', 10),
       (21, 43, 'XS-S', 10),
       (21, 44, 'M-L', 10),
       (22, 45, 'XS-S', 10),
       (22, 46, 'M-L', 10),
       (23, 47, 'XS-S', 10),
       (23, 48, 'M-L', 10),
       (24, 49, 'XS-S', 10),
       (24, 50, 'M-L', 10),
       (25, 51, 'XS-S', 10),
       (25, 52, 'M-L', 10),
       (26, 53, 'XS-S', 10),
       (26, 54, 'M-L', 10);


INSERT INTO variant_prices (variant_id, price, currency_code)
VALUES (31, 60, 'USD'),
       (31, 264, 'BYN'),
       (32, 60, 'USD'),
       (32, 264, 'BYN'),

       (33, 250, 'USD'),
       (33, 820, 'BYN'),
       (34, 250, 'USD'),
       (34, 820, 'BYN'),

       (35, 220, 'USD'),
       (35, 730, 'BYN'),
       (36, 220, 'USD'),
       (36, 730, 'BYN'),

       (37, 135, 'USD'),
       (37, 430, 'BYN'),
       (38, 135, 'USD'),
       (38, 430, 'BYN'),

       (39, 250, 'USD'),
       (39, 820, 'BYN'),
       (40, 250, 'USD'),
       (40, 820, 'BYN'),

       (41, 60, 'USD'),
       (41, 405, 'BYN'),
       (42, 60, 'USD'),
       (42, 405, 'BYN'),

       (43, 150, 'USD'),
       (43, 400, 'BYN'),
       (44, 150, 'USD'),
       (44, 400, 'BYN'),

       (45, 250, 'USD'),
       (45, 880, 'BYN'),
       (46, 250, 'USD'),
       (46, 880, 'BYN'),

       (47, 280, 'USD'),
       (47, 990, 'BYN'),
       (48, 280, 'USD'),
       (48, 990, 'BYN'),

       (49, 380, 'USD'),
       (49, 1150, 'BYN'),
       (50, 380, 'USD'),
       (50, 1150, 'BYN'),

       (51, 225, 'USD'),
       (51, 735, 'BYN'),
       (52, 225, 'USD'),
       (52, 735, 'BYN'),

       (53, 250, 'USD'),
       (53, 840, 'BYN'),
       (54, 250, 'USD'),
       (54, 840, 'BYN');
-- 30% discount for each variant
INSERT INTO sale_prices (variant_id, sale_price, currency_code, starts_at, ends_at)
VALUES (31, ROUND(60 * 0.7 / 5) * 5, 'USD', DATETIME('now'), DATETIME('now', '+60 days')),
       (31, ROUND(264 * 0.7 / 10) * 10, 'BYN', DATETIME('now'), DATETIME('now', '+60 days')),
       (32, ROUND(60 * 0.7 / 5) * 5, 'USD', DATETIME('now'), DATETIME('now', '+60 days')),
       (32, ROUND(264 * 0.7 / 10) * 10, 'BYN', DATETIME('now'), DATETIME('now', '+60 days')),

       (33, ROUND(250 * 0.7 / 5) * 5, 'USD', DATETIME('now'), DATETIME('now', '+60 days')),
       (33, ROUND(820 * 0.7 / 10) * 10, 'BYN', DATETIME('now'), DATETIME('now', '+60 days')),
       (34, ROUND(250 * 0.7 / 5) * 5, 'USD', DATETIME('now'), DATETIME('now', '+60 days')),
       (34, ROUND(820 * 0.7 / 10) * 10, 'BYN', DATETIME('now'), DATETIME('now', '+60 days')),

       (35, ROUND(220 * 0.7 / 5) * 5, 'USD', DATETIME('now'), DATETIME('now', '+60 days')),
       (35, ROUND(730 * 0.7 / 10) * 10, 'BYN', DATETIME('now'), DATETIME('now', '+60 days')),
       (36, ROUND(220 * 0.7 / 5) * 5, 'USD', DATETIME('now'), DATETIME('now', '+60 days')),
       (36, ROUND(730 * 0.7 / 10) * 10, 'BYN', DATETIME('now'), DATETIME('now', '+60 days')),

       (37, ROUND(135 * 0.7 / 5) * 5, 'USD', DATETIME('now'), DATETIME('now', '+60 days')),
       (37, ROUND(430 * 0.7 / 10) * 10, 'BYN', DATETIME('now'), DATETIME('now', '+60 days')),
       (38, ROUND(135 * 0.7 / 5) * 5, 'USD', DATETIME('now'), DATETIME('now', '+60 days')),
       (38, ROUND(430 * 0.7 / 10) * 10, 'BYN', DATETIME('now'), DATETIME('now', '+60 days')),

       (39, ROUND(250 * 0.7 / 5) * 5, 'USD', DATETIME('now'), DATETIME('now', '+60 days')),
       (39, ROUND(820 * 0.7 / 10) * 10, 'BYN', DATETIME('now'), DATETIME('now', '+60 days')),
       (40, ROUND(250 * 0.7 / 5) * 5, 'USD', DATETIME('now'), DATETIME('now', '+60 days')),
       (40, ROUND(820 * 0.7 / 10) * 10, 'BYN', DATETIME('now'), DATETIME('now', '+60 days')),

       (41, ROUND(60 * 0.7 / 5) * 5, 'USD', DATETIME('now'), DATETIME('now', '+60 days')),
       (41, ROUND(405 * 0.7 / 10) * 10, 'BYN', DATETIME('now'), DATETIME('now', '+60 days')),
       (42, ROUND(60 * 0.7 / 5) * 5, 'USD', DATETIME('now'), DATETIME('now', '+60 days')),
       (42, ROUND(405 * 0.7 / 10) * 10, 'BYN', DATETIME('now'), DATETIME('now', '+60 days')),

       (43, ROUND(150 * 0.7 / 5) * 5, 'USD', DATETIME('now'), DATETIME('now', '+60 days')),
       (43, ROUND(400 * 0.7 / 10) * 10, 'BYN', DATETIME('now'), DATETIME('now', '+60 days')),
       (44, ROUND(150 * 0.7 / 5) * 5, 'USD', DATETIME('now'), DATETIME('now', '+60 days')),
       (44, ROUND(400 * 0.7 / 10) * 10, 'BYN', DATETIME('now'), DATETIME('now', '+60 days')),

       (45, ROUND(250 * 0.7 / 5) * 5, 'USD', DATETIME('now'), DATETIME('now', '+60 days')),
       (45, ROUND(880 * 0.7 / 10) * 10, 'BYN', DATETIME('now'), DATETIME('now', '+60 days')),
       (46, ROUND(250 * 0.7 / 5) * 5, 'USD', DATETIME('now'), DATETIME('now', '+60 days')),
       (46, ROUND(880 * 0.7 / 10) * 10, 'BYN', DATETIME('now'), DATETIME('now', '+60 days')),

       (47, ROUND(280 * 0.7 / 5) * 5, 'USD', DATETIME('now'), DATETIME('now', '+60 days')),
       (47, ROUND(990 * 0.7 / 10) * 10, 'BYN', DATETIME('now'), DATETIME('now', '+60 days')),
       (48, ROUND(280 * 0.7 / 5) * 5, 'USD', DATETIME('now'), DATETIME('now', '+60 days')),
       (48, ROUND(990 * 0.7 / 10) * 10, 'BYN', DATETIME('now'), DATETIME('now', '+60 days')),

       (49, ROUND(380 * 0.7 / 5) * 5, 'USD', DATETIME('now'), DATETIME('now', '+60 days')),
       (49, ROUND(1150 * 0.7 / 10) * 10, 'BYN', DATETIME('now'), DATETIME('now', '+60 days')),
       (50, ROUND(380 * 0.7 / 5) * 5, 'USD', DATETIME('now'), DATETIME('now', '+60 days')),
       (50, ROUND(1150 * 0.7 / 10) * 10, 'BYN', DATETIME('now'), DATETIME('now', '+60 days')),

       (51, ROUND(225 * 0.7 / 5) * 5, 'USD', DATETIME('now'), DATETIME('now', '+60 days')),
       (51, ROUND(735 * 0.7 / 10) * 10, 'BYN', DATETIME('now'), DATETIME('now', '+60 days')),
       (52, ROUND(225 * 0.7 / 5) * 5, 'USD', DATETIME('now'), DATETIME('now', '+60 days')),
       (52, ROUND(735 * 0.7 / 10) * 10, 'BYN', DATETIME('now'), DATETIME('now', '+60 days')),

       (53, ROUND(250 * 0.7 / 5) * 5, 'USD', DATETIME('now'), DATETIME('now', '+60 days')),
       (53, ROUND(840 * 0.7 / 10) * 10, 'BYN', DATETIME('now'), DATETIME('now', '+60 days')),
       (54, ROUND(250 * 0.7 / 5) * 5, 'USD', DATETIME('now'), DATETIME('now', '+60 days')),
       (54, ROUND(840 * 0.7 / 10) * 10, 'BYN', DATETIME('now'), DATETIME('now', '+60 days'));

INSERT INTO product_translations (product_id, id, name, description, materials, language)
VALUES (15, 29, 'Шёлковый мешочек на тонких ремешках',
        'Небольшой шёлковый мешочек с маленькой розочкой для дополнения летних образов.', '100% шелк', 'ru'),
       (16, 30, 'Свободная рубашка на лентах',
        'Рубашка из шуршащего шелка в оттенке фисташкового мороженого на тонких лентах вместо классических пуговиц.',
        '100% шелк', 'ru'),
       (17, 31, 'Платье в пудрово - розовом оттенке',
        'Платье из плотного пудрово - розового летнего хлопка с дополняющей край вишневой лентой.', '100% шелк', 'ru'),
       (18, 32, 'Топ с диагональным рызрезом',
        'Топ из тонкого летнего хлопка по образцу нашего платья с диагональными линиями и вырезами для жаркого лета.',
        '100% хлопок', 'ru'),
       (19, 33, 'Свободная рубашка на лентах',
        'Рубашка из шуршащего шелка в кремовом оттенке на тонких лентах вместо классических пуговиц.', '100% шелк',
        'ru'),
       (20, 34, 'Шелковый мешочек с вышивкой',
        'Дополнительный аксессуар на шею или в виде тонкого пояса - Расшитый тонким узором сливочный мешочек из прозрачной шёлковой органзы.',
        '100% шелк', 'ru'),
       (21, 35, 'Бельевые шорты из шёлка',
        'Шорты из плотного хрустящего шёлка в оттенке сливочного масла с акцентом на пуговицах.', '100% шелк', 'ru'),
       (22, 36, 'Топ с фактурным цветочным узором',
        'Свободный топ с лифом из хлопка с фактурным цветочным узором с застежкой на пуговицы из кремового перламутра.',
        '100% хлопок', 'ru'),
       (23, 37, 'Полупрозрачное платье с перевернутыми бретелями',
        'Свободное платье с глубокими вырезами спереди и сзади в молочном хлопке с широким воланом и  крупными барочными жемчужинами подвешенными на тонкие ленты. ',
        '100% шелк', 'ru'),
       (24, 38, 'Платье на лентах с жемчужинами',
        'Свободный ультра-пышный топ-облако с густой сборкой вокруг шеи в бисквитном оттенке.', '100% шелк', 'ru'),
       (25, 39, 'Невесомая блуза с акварельным рисунком',
        'Невесомая летящая блуза из тончайшего шёлка с акварельным конфетным рисунком на тонких лентах.', '100% шелк',
        'ru'),
       (26, 40, 'Топ с пышными рукавами',
        'Свободный ультра-пышный топ-облако с густой сборкой вокруг шеи в бисквитном оттенке.', '100% шелк', 'ru');

INSERT INTO discounts (id, value, code, type, is_active)
VALUES (2, 20, 'XH832KAY', 'percentage', true);
