INSERT INTO products (id, handle, cover_image_url, image_urls, name, description, materials, is_published)
VALUES (1, 'black-dress-with-cape', '/images/products/1/1.png',
        '/images/products/1/1.png;/images/products/1/2.png;/images/products/1/3.png;/images/products/1/4.png;/images/products/1/5.png;/images/products/1/6.png',
        'Black dress with cape',
        'A sleek slip dress with an open back made of soft, thin silk, complemented by a flowing cape that can be a standalone accessory in any other outfit.',
        '50% хлопок, 50% шелк', true),
       (2, 'pink-dress-with-cape', '/images/products/2/1.png',
        '/images/products/2/1.png;/images/products/2/2.png;/images/products/2/3.png;/images/products/2/4.png',
        'Pink dress with cape',
        'Inspired by the work of French designer Madame Grès (1979), this dress features an integral silk train that drapes over the shoulders to create a closed, complex silhouette. The train can be detached from the dress and worn as a top with a cape or as a simple dress.',
        '100% silk', true),
       (3, 'white-veil-dress', '/images/products/3/1.png',
        '/images/products/3/1.png;/images/products/3/2.png;/images/products/3/3.png;/images/products/3/4.png',
        'White veil dress',
        'A simple and loose silk dress, its silhouette shaped by movement and the wind. No unnecessary details or fastenings, just meters of enveloping silk. This dress can be the perfect companion on the beach or be part of an important engagement day.',
        '100% silk', true),
       (4, 'black-dress-with-diagonal-cut', '/images/products/4/1.png',
        '/images/products/4/1.png;/images/products/4/2.png;/images/products/4/3.png;/images/products/4/4.png',
        'Black dress with diagonal cut',
        'A complexly constructed dress with diagonal slits and lines at the waist for a more fitted silhouette. Unfinished edges cascade with dense fringe, creating a natural scattering of silk droplets on the sleeves and skirt. Perfect for an evening event with statement accessories, or a daytime stroll with friends in comfy sandals and a crossbody bag.',
        '50% cotton, 50% silk', true),
       (5, 'double-transparent-dress', '/images/products/5/1.png',
        '/images/products/5/1.png;/images/products/5/2.png;/images/products/5/3.png',
        'Double transparent dress',
        'A free-flowing dress inspired by the blooming flowers of Tbilisi in spring. Dark blue silk is topped with a long, transparent organza dress with a full skirt and raw edge at the waist. The spontaneously chosen palette and transparent organza bring summer closer.',
        '100% silk', true),
       (6, 'vintage-dress-with-roses', '/images/products/6/1.png',
        '/images/products/6/1.png;/images/products/6/2.png;/images/products/6/3.png;/images/products/6/4.png',
        'Vintage dress with roses',
        'Fine, semi-transparent jacquard with rose prints reminiscent of old newspaper illustrations. Deliberately voluminous sleeves contrast the dress''s simple silhouette, highlighting the intricate pattern''s strict elegance.',
        '50% cotton, 50% silk', true),
       (7, 'ochre-patterned-organza-dress', '/images/products/7/1.png',
        '/images/products/7/1.png;/images/products/7/2.png;/images/products/7/3.png;/images/products/7/4.png',
        'Ochre patterned organza dress',
        'Intricate embroidery on organza enhances a simple, delicate silhouette. The dress is topped with a wide, airy ruffle covering the shoulders. Inspired by a serendipitously found small piece of silk. Made in a single piece.',
        '100% silk with 100% cotton embroidery', true),
       (8, 'sleeveless-blue-dress', '/images/products/8/1.png',
        '/images/products/8/1.png;/images/products/8/2.png',
        'Sleeveless blue dress',
        'A simple summer slip transformed into a full dress with a complex detail in the form of an asymmetrical shoulder twisted into a light cord. The relaxed silhouette is accentuated by pleats at the waist, creating the illusion of a more fitted dress.',
        '100% cotton', true),
       (9, 'pink-free-flowing-dress', '/images/products/9/1.png',
        '/images/products/9/1.png;/images/products/9/2.png;/images/products/9/3.png;/images/products/9/4.png',
        'Pink free-flowing dress',
        'This dress''s free silhouette is inspired by a nightgown: loose, long, and flowing. The design is made more intricate with an asymmetrical hemline and voluminous sleeves, whose length can be adjusted with a hidden elastic in the seam.',
        '100% cotton', true),
       (10, 'dress-with-diagonal-cut', '/images/products/10/1.png',
        '/images/products/10/1.png;/images/products/10/2.png;/images/products/10/3.png;/images/products/10/4.png',
        'Dress with diagonal cut',
        'A complexly constructed dress with diagonal cuts and lines at the waist for a more fitted silhouette. Unfinished edges of intricate pink silk cascade with dense fringe, creating a natural scattering of silk droplets on the sleeves and skirt. Perfect for an evening event with statement accessories, or a daytime stroll with friends in comfy sandals and a crossbody bag.',
        '100% silk', true),
       (11, 'white-button-up-dress', '/images/products/11/1.png',
        '/images/products/11/1.png;/images/products/11/2.png;/images/products/11/3.png;/images/products/11/4.png',
        'White button-up dress',
        'On cool summer evenings, you’ll want to wrap up in something big and cozy. This is the brand''s most comfortable dress, doubling as a summer coat. Thick pleats around the neck create a loose effect, allowing you to wrap yourself in the dress multiple times.',
        '100% cotton', true),
       (12, 'black-and-white-double-dress', '/images/products/12/1.png',
        '/images/products/12/1.png;/images/products/12/2.png;/images/products/12/3.png;/images/products/12/4.png',
        'Black and white double dress',
        'A minimalist double-layer dress made from semi-transparent soft silk with a deep neckline adorned with tiny buttons. Each dress can be worn solo as an elongated top.',
        '50% cotton, 50% silk', false),
       (13, 'navy-dress-with-tie-neckline', '/images/products/13/1.png',
        '/images/products/13/1.png;/images/products/13/2.png;/images/products/13/3.png',
        'Navy dress with tie neckline',
        'In a deep navy hue, this dress boasts a neckline with long ties and flared sleeves. It''s the star of our basic collection, combining a simple, loose fit with an eye-catching deep neckline tied with long ribbons.',
        '100% cotton', true),
       (14, 'chocolate-basic-dress', '/images/products/14/1.png',
        '/images/products/14/1.png;/images/products/14/2.png;/images/products/14/3.png;/images/products/14/4.png',
        'Chocolate basic dress',
        'This season''s favorite shade is chocolate. The dress features a relaxed silhouette with wide pleats at the waist, creating a subtle fitted effect. Diamond-shaped sleeves and a barely-there pleat on the bodice complete the look.',
        '100% cotton', true);

INSERT INTO product_variants (product_id, id, name, available)
VALUES (1, 1, 'XS', 10),
       (1, 2, 'S', 10),
       (1, 3, 'M', 10),
       (1, 4, 'L', 10),
       (2, 5, 'XS-S', 5),
       (2, 6, 'M-L', 5),
       (3, 7, 'XS-S', 1),
       (3, 8, 'M-L', 1),
       (4, 9, 'XS-S', 10),
       (4, 10, 'M-L', 10),
       (5, 11, 'XS-S', 20),
       (5, 12, 'M-L', 20),
       (6, 13, 'XS-S', 1),
       (6, 14, 'M-L', 1),
       (7, 15, 'XS-S', 1),
       (7, 16, 'M-L', 1),
       (8, 17, 'XS-S', 20),
       (8, 18, 'M-L', 20),
       (9, 19, 'XS-S', 20),
       (9, 20, 'M-L', 5),
       (10, 21, 'XS-S', 5),
       (10, 22, 'M-L', 20),
       (11, 23, 'XS-S', 5),
       (11, 24, 'M-L', 5),
       (12, 25, 'XS-S', 20),
       (12, 26, 'M-L', 20),
       (13, 27, 'XS-S', 20),
       (13, 28, 'M-L', 20),
       (14, 29, 'XS-S', 20),
       (14, 30, 'M-L', 20);


INSERT INTO variant_prices (variant_id, price, currency_code)
VALUES (1, 320, 'USD'),
       (1, 1060, 'BYN'),
       (2, 320, 'USD'),
       (2, 1060, 'BYN'),
       (3, 320, 'USD'),
       (3, 1060, 'BYN'),
       (4, 320, 'USD'),
       (4, 1060, 'BYN'),

       (5, 540, 'USD'),
       (5, 1760, 'BYN'),
       (6, 540, 'USD'),
       (6, 1760, 'BYN'),

       (7, 440, 'USD'),
       (7, 1450, 'BYN'),
       (8, 440, 'USD'),
       (8, 1450, 'BYN'),

       (9, 380, 'USD'),
       (9, 1255, 'BYN'),
       (10, 380, 'USD'),
       (10, 1255, 'BYN'),

       (11, 480, 'USD'),
       (11, 1590, 'BYN'),
       (12, 480, 'USD'),
       (12, 1590, 'BYN'),

       (13, 520, 'USD'),
       (13, 1700, 'BYN'),
       (14, 520, 'USD'),
       (14, 1700, 'BYN'),

       (15, 600, 'USD'),
       (15, 1960, 'BYN'),
       (16, 600, 'USD'),
       (16, 1960, 'BYN'),

       (17, 220, 'USD'),
       (17, 730, 'BYN'),
       (18, 220, 'USD'),
       (18, 730, 'BYN'),

       (19, 250, 'USD'),
       (19, 825, 'BYN'),
       (20, 250, 'USD'),
       (20, 825, 'BYN'),

       (21, 380, 'USD'),
       (21, 1255, 'BYN'),
       (22, 380, 'USD'),
       (22, 1255, 'BYN'),

       (23, 270, 'USD'),
       (23, 890, 'BYN'),
       (24, 270, 'USD'),
       (24, 890, 'BYN'),

       (25, 290, 'USD'),
       (25, 950, 'BYN'),
       (26, 290, 'USD'),
       (26, 950, 'BYN'),

       (27, 220, 'USD'),
       (27, 730, 'BYN'),
       (28, 220, 'USD'),
       (28, 730, 'BYN'),

       (29, 220, 'USD'),
       (29, 730, 'BYN'),
       (30, 220, 'USD'),
       (30, 730, 'BYN');

-- 30% discount for each variant
INSERT INTO sale_prices (variant_id, sale_price, currency_code, starts_at, ends_at)
VALUES (1, ROUND(320 * 0.7 / 5) * 5, 'USD', DATETIME('now'), DATETIME('now', '+60 days')),
       (1, ROUND(1060 * 0.7 / 10) * 10, 'BYN', DATETIME('now'), DATETIME('now', '+60 days')),
       (2, ROUND(320 * 0.7 / 5) * 5, 'USD', DATETIME('now'), DATETIME('now', '+60 days')),
       (2, ROUND(1060 * 0.7 / 10) * 10, 'BYN', DATETIME('now'), DATETIME('now', '+60 days')),
       (3, ROUND(320 * 0.7 / 5) * 5, 'USD', DATETIME('now'), DATETIME('now', '+60 days')),
       (3, ROUND(1060 * 0.7 / 10) * 10, 'BYN', DATETIME('now'), DATETIME('now', '+60 days')),
       (4, ROUND(320 * 0.7 / 5) * 5, 'USD', DATETIME('now'), DATETIME('now', '+60 days')),
       (4, ROUND(1060 * 0.7 / 10) * 10, 'BYN', DATETIME('now'), DATETIME('now', '+60 days')),

       (5, ROUND(540 * 0.7 / 5) * 5, 'USD', DATETIME('now'), DATETIME('now', '+60 days')),
       (5, ROUND(1760 * 0.7 / 10) * 10, 'BYN', DATETIME('now'), DATETIME('now', '+60 days')),
       (6, ROUND(540 * 0.7 / 5) * 5, 'USD', DATETIME('now'), DATETIME('now', '+60 days')),
       (6, ROUND(1760 * 0.7 / 10) * 10, 'BYN', DATETIME('now'), DATETIME('now', '+60 days')),

       (7, ROUND(440 * 0.7 / 5) * 5, 'USD', DATETIME('now'), DATETIME('now', '+60 days')),
       (7, ROUND(1450 * 0.7 / 10) * 10, 'BYN', DATETIME('now'), DATETIME('now', '+60 days')),
       (8, ROUND(440 * 0.7 / 5) * 5, 'USD', DATETIME('now'), DATETIME('now', '+60 days')),
       (8, ROUND(1450 * 0.7 / 10) * 10, 'BYN', DATETIME('now'), DATETIME('now', '+60 days')),

       (9, ROUND(380 * 0.7 / 5) * 5, 'USD', DATETIME('now'), DATETIME('now', '+60 days')),
       (9, ROUND(1255 * 0.7 / 10) * 10, 'BYN', DATETIME('now'), DATETIME('now', '+60 days')),
       (10, ROUND(380 * 0.7 / 5) * 5, 'USD', DATETIME('now'), DATETIME('now', '+60 days')),
       (10, ROUND(1255 * 0.7 / 10) * 10, 'BYN', DATETIME('now'), DATETIME('now', '+60 days')),

       (13, ROUND(520 * 0.7 / 5) * 5, 'USD', DATETIME('now'), DATETIME('now', '+60 days')),
       (13, ROUND(1700 * 0.7 / 10) * 10, 'BYN', DATETIME('now'), DATETIME('now', '+60 days')),
       (14, ROUND(520 * 0.7 / 5) * 5, 'USD', DATETIME('now'), DATETIME('now', '+60 days')),
       (14, ROUND(1700 * 0.7 / 10) * 10, 'BYN', DATETIME('now'), DATETIME('now', '+60 days')),

       (15, ROUND(600 * 0.7 / 5) * 5, 'USD', DATETIME('now'), DATETIME('now', '+60 days')),
       (15, ROUND(1960 * 0.7 / 10) * 10, 'BYN', DATETIME('now'), DATETIME('now', '+60 days')),
       (16, ROUND(600 * 0.7 / 5) * 5, 'USD', DATETIME('now'), DATETIME('now', '+60 days')),
       (16, ROUND(1960 * 0.7 / 10) * 10, 'BYN', DATETIME('now'), DATETIME('now', '+60 days')),

       (17, ROUND(220 * 0.7 / 5) * 5, 'USD', DATETIME('now'), DATETIME('now', '+60 days')),
       (17, ROUND(730 * 0.7 / 10) * 10, 'BYN', DATETIME('now'), DATETIME('now', '+60 days')),
       (18, ROUND(220 * 0.7 / 5) * 5, 'USD', DATETIME('now'), DATETIME('now', '+60 days')),
       (18, ROUND(730 * 0.7 / 10) * 10, 'BYN', DATETIME('now'), DATETIME('now', '+60 days')),

       (27, ROUND(220 * 0.7 / 5) * 5, 'USD', DATETIME('now'), DATETIME('now', '+60 days')),
       (27, ROUND(730 * 0.7 / 10) * 10, 'BYN', DATETIME('now'), DATETIME('now', '+60 days')),
       (28, ROUND(220 * 0.7 / 5) * 5, 'USD', DATETIME('now'), DATETIME('now', '+60 days')),
       (28, ROUND(730 * 0.7 / 10) * 10, 'BYN', DATETIME('now'), DATETIME('now', '+60 days')),

       (29, ROUND(220 * 0.7 / 5) * 5, 'USD', DATETIME('now'), DATETIME('now', '+60 days')),
       (29, ROUND(730 * 0.7 / 10) * 10, 'BYN', DATETIME('now'), DATETIME('now', '+60 days')),
       (30, ROUND(220 * 0.7 / 5) * 5, 'USD', DATETIME('now'), DATETIME('now', '+60 days')),
       (30, ROUND(730 * 0.7 / 10) * 10, 'BYN', '2024-09-01 00:00:00', '2024-12-31 23:59:59');


INSERT INTO product_translations (product_id, id, name, description, materials, language)
VALUES (1, 2, 'Черное платье с накидкой',
        'Лаконичная комбинация с открытой спиной из мягкого тонкого шёлка дополненная струящейся накидкой, которая может быть отдельным дополнительным элементом в любом другом образе.',
        '50% хлопок, 50% шелк', 'ru'),
       (2, 4, 'Розовое платье с накидкой',
        'Вдохновленное работой французского дизайнера Мадам Гре (1979г), платье с цельнокроеным шёлковым шлейфом, который накидывается на плечи и создаёт закрытый сложный силуэт. Шлейф можно отделить от платья и собрать самостоятельный образ используя его как топ с накидкой или как простое платье.',
        '100% шелк', 'ru'),
       (3, 6, 'Белое платье-вуаль',
        'Простое и свободное шёлковое платье, силуэт которого создается движениями и ветром. Без лишних сложных деталей и застежек, только метры обволакивающего шёлка. Платье может быть идеальным спутником на пляже или стать частью важного дня помолвки.',
        '100% шелк', 'ru'),
       (4, 8, 'Черное платье с разрезом',
        'Платье сложной конструкции с диагональными разрезами и линиями на талии для более прилегающего силуэта. Необработанные края осыпаются густой бахромой создавая естественную россыпь шёлковых капель на рукавах и юбке. Идеальный вариант для вечернего мероприятия с акцентными аксессуарами и дневной прогулки с друзьями в удобных сандалях и сумкой через плечо.',
        '50% хлопок, 50% шелк', 'ru'),
       (5, 10, 'Двойное прозрачное платье',
        'Свободное, плывущее по ветру платье, вдохновленное цветущими повсюду весной цветами Тбилиси. Темный синий шёлк дополняет сверху длинное платье из прозрачной органзы с пышной юбкой с необработанным срезом на талии. Спонтанно-подобранная палитра и прозрачная органза, будто быстрее приближают лето.',
        '100% шелк', 'ru'),
       (6, 12, 'Винтажное платье с розами',
        'Тонкий полупрозрачный жаккард со словно напечатанными, как из газеты, розами. Нарочито пышные рукава разбавляют лаконичный силуэт платья и подчеркивают контрастную строгость сложного рисунка.',
        '100% хлопок', 'ru'),
       (7, 14, 'Охровое платье из узорчатой органзы',
        'Сложный рисунок шитья на органзе дополняет простой деликатный силуэт. Платье дополнено широким летящим воланом, прикрывающим плечи. Вдохновлено случайно найденным небольшим отрезом шёлка. Изготовлено в одном экземпляре.',
        '50% хлопок, 50% шелк', 'ru'),
       (8, 16, 'Голубое платье без рукавов',
        'Простая летняя комбинация, превратившаяся в полноценное платье со сложной деталью в виде асимметричного плеча закрученного в легкий жгут. Свободный силуэт подчеркнут складками на талии, создающими иллюзию более приталенного платья.',
        '100% хлопок', 'ru'),
       (9, 18, 'Розовое свободное платье',
        'Свободный силуэт платья вдохновлен ночной рубашкой: cвободной, длинной и летящей. Конструкция усложнена асимметричной линии низа и пышными рукавами, длину которых можно контролировать с помощью скрытой резинки в шве.',
        '100% хлопок', 'ru'),
       (10, 20, 'Платье с диагональным разрезом',
        'Платье сложной конструкции с диагональными разрезами и линиями на талии для более прилегающего силуэта. Необработанные края из шёлка сложного розового оттенка осыпаются густой бахромой создавая естественную россыпь шёлковых капель на рукавах и юбке. Идеальный вариант для вечернего мероприятия с акцентными аксессуарами и дневной прогулки с друзьями в удобных сандалях и сумкой через плечо.',
        '100% шелк', 'ru'),
       (11, 22, 'Белое платье на пуговицах',
        'Вечерним летом хочется укрыться от прохладного ветра и укутаться во что-то большое и уютное. Самое комфортное платье бренда, которое служит дополнением в виде летнего плаща. Густые складки вокруг шеи создают свободный эффект, когда в платье можно обернуться несколько раз.',
        '100% хлопок', 'ru'),
       (12, 24, 'Чёрно-белое двойное платье',
        'Лаконичное двойное платье из полупрозрачного мягкого шёлка с глубоким вырезом на миниатюрных пуговицах. Каждое платье возможно носить самостоятельно в виде удлиненного топа.',
        '50% хлопок, 50% шелк', 'ru'),
       (13, 26, 'Синее платье с вырезом на завязках',
        'Платье в глубоком синем оттенке с вырезом на длинных лентах и длинными расклешенными рукавами. Главная модель базовой коллекции, сочетающая простой и свободный крой и акцентный глубокий вырез на длинных лентах. ',
        '100% хлопок', 'ru'),
       (14, 28, 'Шоколадное базовое платье',
        'Любимым оттенком сезона стал шоколадный цвет. Платье свободного силуэта с широкими складками на талии, создающими эффект небольшого прилегания. Ромбовидный рукав и едва заметная складка на лифе.',
        '100% хлопок', 'ru');

INSERT INTO discounts (id, value, code, type, is_active)
VALUES (1, 10, 'PLUMFIRST', 'percentage', true);
--- 11, 12, 19, 20, 21, 22, 23, 24, 25, 26
