INSERT INTO products (id, handle, cover_image_url, image_urls, name, description, is_published)
VALUES (1, 'silk-dress', '/images/products/1/1.png',
        '/images/products/1/1.png;/images/products/1/2.png;/images/products/1/3.png;/images/products/1/4.png;/images/products/1/5.png',
        'Crisp White Linen Shirt Dress',
        'This pristine white linen shirt dress embodies a classic, refined look with a modern twist. Its relaxed fit and button-down front provide both comfort and style, making it a versatile piece for any wardrobe. The mid-length and breezy material make it perfect for warm days, combining elegance with a casual, airy feel.',
        true),
       (2, 'elegant-oversized-tunic', '/images/products/2/1.png',
        '/images/products/2/1.png;/images/products/2/2.png;/images/products/2/3.png;/images/products/2/4.png',
        'Elegant Oversized Tunic',
        'This tunic captures a modern, minimalist aesthetic with its oversized fit and deep black color. The design includes a plunging neckline and ample sleeves that add a dramatic touch to its simplicity. Ideal for layering or as a standalone statement piece, it offers both comfort and style for any contemporary wardrobe.',
        true),
       (3, 'notched-lapel-blazer', '/images/products/3/1.png',
        '/images/products/3/1.png;/images/products/3/2.png;/images/products/3/3.png;/images/products/3/4.png',
        'Modern Earth Tone Dress',
        'This chic dress combines a deep earthy brown with a subtle blue trim for a contemporary twist on classic design. Its structured silhouette and soft rounded neckline enhance its understated elegance, making it a versatile choice for both formal and casual settings. The dress balances modern style with timeless appeal, perfect for a confident, fashion-forward look.',
        true),
       (4, 'layered-contrast-shift-dress', '/images/products/4/1.png',
        '/images/products/4/1.png;/images/products/4/2.png;/images/products/4/3.png;/images/products/4/4.png',
        'Layered Contrast Shift Dress',
        'This dress features a striking two-tone design with a flowing black shift over a crisp white hemline, blending simplicity with a touch of sophistication. Its relaxed silhouette ensures comfort, making it ideal for both casual outings and stylish gatherings. The combination of colors enhances its versatility and appeal for various occasions.',
        true),
       (5, 'a-line-midi-skirt', '/images/products/5/1.png',
        '/images/products/5/1.png;/images/products/5/2.png;/images/products/5/3.png',
        'Whispering Bloom Tulle Dress',
        'This ethereal dress showcases a delicate grey tulle overlay accented with subtle yellow trim, evoking a dreamy, garden-inspired aesthetic. The sheer sleeves and soft, billowing structure create an enchanting silhouette that gently sways with every movement. Its a poetic garment that captures the essence of spring and the tender beauty of nature.',
        true),
       (6, 'cropped-denim-jacket', '/images/products/6/1.png',
        '/images/products/6/1.png;/images/products/6/2.png;/images/products/6/3.png;/images/products/6/4.png',
        'Blush Sunrise Robe Dress',
        'This elegantly understated robe dress in a soft blush pink offers a serene and graceful look. Its flowing sleeves and relaxed fit provide an aura of tranquility and comfort. Ideal for both a relaxed day at home or a refined casual event, this dress embodies effortless chic with a touch of romantic flair.',
        true),
       (7, 'silk-dress-2', '/images/products/7/1.png',
        '/images/products/7/1.png;/images/products/7/2.png;/images/products/7/3.png;/images/products/7/4.png',
        'Sky Blue Serenity Dress',
        'This dress in a calming sky blue hue is the epitome of minimalist elegance. With a clean, sleeveless design and a smooth, flowing silhouette, it offers a refreshing simplicity that stands out. Perfect for those seeking a light, airy look for summer gatherings or casual daytime events.',
        true),
       (8, 'spaghetti-strap-dress', '/images/products/8/1.png',
        '/images/products/8/1.png;/images/products/8/2.png',
        'A silk dress with a diagonal slit and lines at the waist',
        'A flirty diagonal slit that adds a dash of sass, while cute cotton lines at the waist hug your curves in all the right places. Perfect for twirling and turning heads at any special occasion.',
        true),
       (9, 'a-line-midi-skirt-1', '/images/products/9/1.png',
        '/images/products/9/1.png;/images/products/9/2.png;/images/products/9/3.png;/images/products/9/4.png',
        'A silk dress with a diagonal slit and lines at the waist',
        'This ethereal dress showcases a delicate grey tulle overlay accented with subtle yellow trim, evoking a dreamy, garden-inspired aesthetic. The sheer sleeves and soft, billowing structure create an enchanting silhouette that gently sways with every movement. Its a poetic garment that captures the essence of spring and the tender beauty of nature.',
        true),
       (10, 'cropped-denim-jacket-1', '/images/products/10/1.png',
        '/images/products/10/1.png;/images/products/10/2.png;/images/products/10/3.png;/images/products/10/4.png',
        'A silk dress with a diagonal slit and lines at the waist',
        'This elegantly understated robe dress in a soft blush pink offers a serene and graceful look. Its flowing sleeves and relaxed fit provide an aura of tranquility and comfort. Ideal for both a relaxed day at home or a refined casual event, this dress embodies effortless chic with a touch of romantic flair.',
        true),
       (11, 'silk-dress-1', '/images/products/11/1.png',
        '/images/products/11/1.png;/images/products/11/2.png;/images/products/11/3.png;/images/products/11/4.png',
        'A silk dress with a diagonal slit and lines at the waist',
        'This dress in a calming sky blue hue is the epitome of minimalist elegance. With a clean, sleeveless design and a smooth, flowing silhouette, it offers a refreshing simplicity that stands out. Perfect for those seeking a light, airy look for summer gatherings or casual daytime events.',
        true),
       (12, 'spaghetti-strap-dress-2', '/images/products/12/1.png',
        '/images/products/12/1.png;/images/products/12/2.png;/images/products/12/3.png;/images/products/12/4.png',
        'A silk dress with a diagonal slit and lines at the waist',
        'A flirty diagonal slit that adds a dash of sass, while cute cotton lines at the waist hug your curves in all the right places. Perfect for twirling and turning heads at any special occasion.',
        true),
       (13, 'a-line-midi-skirt-2', '/images/products/13/1.png',
        '/images/products/13/1.png;/images/products/13/2.png;/images/products/13/3.png',
        'Whispering Bloom Tulle Dress',
        'This ethereal dress showcases a delicate grey tulle overlay accented with subtle yellow trim, evoking a dreamy, garden-inspired aesthetic. The sheer sleeves and soft, billowing structure create an enchanting silhouette that gently sways with every movement. Its a poetic garment that captures the essence of spring and the tender beauty of nature.',
        true),
       (14, 'cropped-denim-jacket-3', '/images/products/14/1.png',
        '/images/products/14/1.png;/images/products/14/2.png', 'Blush Sunrise Robe Dress',
        'This elegantly understated robe dress in a soft blush pink offers a serene and graceful look. Its flowing sleeves and relaxed fit provide an aura of tranquility and comfort. Ideal for both a relaxed day at home or a refined casual event, this dress embodies effortless chic with a touch of romantic flair.',
        true);

INSERT INTO product_variants (product_id, id, name, available)
VALUES (1, 1, 'XS', 100),
       (1, 2, 'S', 100),
       (1, 3, 'M', 100),
       (2, 4, 'XS', 100),
       (2, 5, 'S', 100),
       (2, 6, 'M', 100),
       (3, 7, 'XS', 100),
       (3, 8, 'S', 100),
       (3, 9, 'M', 100),
       (4, 10, 'XS', 100),
       (4, 11, 'S', 100),
       (4, 12, 'M', 100),
       (5, 13, 'XS', 100),
       (5, 14, 'S', 100),
       (5, 15, 'M', 100),
       (6, 16, 'XS', 100),
       (6, 17, 'S', 100),
       (6, 18, 'M', 100),
       (7, 19, 'XS', 100),
       (7, 20, 'S', 100),
       (7, 21, 'M', 100),
       (8, 22, 'XS', 100),
       (8, 23, 'S', 100),
       (8, 24, 'M', 100),
       (9, 25, 'XS', 100),
       (9, 26, 'S', 100),
       (9, 27, 'M', 100),
       (10, 28, 'XS', 100),
       (10, 29, 'S', 100),
       (10, 30, 'M', 100),
       (11, 31, 'XS', 100),
       (11, 32, 'S', 100),
       (11, 33, 'M', 100),
       (12, 34, 'XS', 100),
       (12, 35, 'S', 100),
       (12, 36, 'M', 100),
       (13, 37, 'XS', 100),
       (13, 38, 'S', 100),
       (13, 39, 'M', 100),
       (14, 40, 'XS', 100),
       (14, 41, 'S', 100),
       (14, 42, 'M', 100);


INSERT INTO product_prices (product_id, id, price, currency)
VALUES (1, 1, 420, 'USD'),
       (1, 2, 1050, 'BYN'),
       (2, 3, 180, 'USD'),
       (2, 4, 450, 'BYN'),
       (3, 5, 320, 'USD'),
       (3, 6, 800, 'BYN'),
       (4, 7, 380, 'USD'),
       (4, 8, 950, 'BYN'),
       (5, 9, 240, 'USD'),
       (5, 10, 600, 'BYN'),
       (6, 11, 280, 'USD'),
       (6, 12, 700, 'BYN'),
       (7, 13, 360, 'USD'),
       (7, 14, 900, 'BYN'),
       (8, 15, 380, 'USD'),
       (8, 16, 950, 'BYN'),
       (9, 17, 240, 'USD'),
       (9, 18, 600, 'BYN'),
       (10, 19, 280, 'USD'),
       (10, 20, 700, 'BYN'),
       (11, 21, 360, 'USD'),
       (11, 22, 900, 'BYN'),
       (12, 23, 380, 'USD'),
       (12, 24, 950, 'BYN'),
       (13, 25, 240, 'USD'),
       (13, 26, 600, 'BYN'),
       (14, 27, 280, 'USD'),
       (14, 28, 700, 'BYN');


INSERT INTO product_translations (product_id, id, name, description, language)
VALUES (1, 2, 'Платье-Рубашка из Белого Льна',
        'Это платье-рубашка из чистого белого льна представляет классический, утонченный образ с современным акцентом. Его свободный крой и застежка на пуговицы обеспечивают комфорт и стиль, делая его универсальной вещью в любом гардеробе. Средняя длина и легкий материал делают его идеальным для теплых дней, сочетая элегантность с непринужденной воздушностью.',
        'ru'),
       (2, 4, 'Элегантная Oversized Туника',
        'Эта туника отражает современный минималистский стиль благодаря своему свободному крою и глубокому черному цвету. Модель с глубоким вырезом и широкими рукавами добавляет драматичности ее простоте. Идеально подходит как для создания слоев, так и в качестве самостоятельного яркого элемента, обеспечивая комфорт и стиль для любого современного гардероба.',
        'ru'),
       (3, 6, 'Современное Платье в Землистых Тонах',
        'Это стильное платье сочетает в себе глубокий землисто-коричневый цвет с нежной синей отделкой, что придает классическому дизайну современный акцент. Структурированный силуэт и мягкий округлый вырез подчеркивают его непринужденную элегантность, делая платье универсальным выбором как для формальных, так и для повседневных мероприятий. Платье гармонично сочетает современный стиль с безвременной привлекательностью, идеально подходя для уверенного, модного образа.',
        'ru'),
       (4, 8, 'Платье с контрастными слоями',
        'Это платье выделяется своим ярким двухцветным дизайном: свободный черный силуэт дополнен белым подолом, сочетая в себе простоту и изысканность. Расслабленный крой обеспечивает комфорт, делая его идеальным как для повседневных выходов, так и для стильных мероприятий. Сочетание цветов усиливает его универсальность и привлекательность для различных случаев.',
        'ru'),
       (5, 10, 'Платье из Тюля «Шепчущий Цветок»',
        'Это эфирное платье представляет собой деликатное нарядное платье из серого тюля с легким желтым оттенком, создающее мечтательный, садовый образ. Прозрачные рукава и мягкая, развевающаяся структура формируют очаровательный силуэт, который нежно покачивается с каждым движением. Это поэтичное платье улавливает суть весны и нежную красоту природы.',
        'ru'),
       (6, 12, 'Платье-Халат «Румяный Рассвет»',
        'Это элегантно сдержанное платье-халат в мягком розовом оттенке создает спокойный и изящный образ. Его свободные рукава и расслабленный фасон подчеркивают атмосферу уюта и комфорта. Идеально подходит как для спокойного дня дома, так и для изысканного повседневного мероприятия, это платье воплощает легкость и шик с ноткой романтики.',
        'ru'),
       (7, 14, 'Платье «Небесное Спокойствие»',
        'Это платье в успокаивающем оттенке небесно-голубого цвета является воплощением минималистичной элегантности. С простым бесрукавым дизайном и плавным силуэтом, оно предлагает освежающую простоту, которая выделяется. Идеально подходит для тех, кто ищет легкий и воздушный образ для летних встреч или повседневных мероприятий.',
        'ru'),
       (8, 16, 'Шёлковое платье с диагональным разрезом и линиями на талии',
        'Шаловливый диагональный разрез добавляет изюминку, а милые хлопковые линии на талии подчёркивают ваши изгибы в самых выигрышных местах. Идеально для танцев и привлечения внимания на любом торжественном мероприятии.',
        'ru'),
       (9, 18, 'Шёлковое платье с диагональным разрезом и линиями на талии',
        'Это эфирное платье представляет собой деликатное нарядное платье из серого тюля с легким желтым оттенком, создающее мечтательный, садовый образ. Прозрачные рукава и мягкая, развевающаяся структура формируют очаровательный силуэт, который нежно покачивается с каждым движением. Это поэтичное платье улавливает суть весны и нежную красоту природы.',
        'ru'),
       (10, 20, 'Шёлковое платье с диагональным разрезом и линиями на талии',
        'Это элегантно сдержанное платье-халат в мягком розовом оттенке создает спокойный и изящный образ. Его свободные рукава и расслабленный фасон подчеркивают атмосферу уюта и комфорта. Идеально подходит как для спокойного дня дома, так и для изысканного повседневного мероприятия, это платье воплощает легкость и шик с ноткой романтики.',
        'ru'),
       (11, 22, 'Шёлковое платье с диагональным разрезом и линиями на талии',
        'Это платье в успокаивающем оттенке небесно-голубого цвета является воплощением минималистичной элегантности. С простым бесрукавым дизайном и плавным силуэтом, оно предлагает освежающую простоту, которая выделяется. Идеально подходит для тех, кто ищет легкий и воздушный образ для летних встреч или повседневных мероприятий.',
        'ru'),
       (12, 24, 'Шёлковое платье с диагональным разрезом и линиями на талии',
        'Шаловливый диагональный разрез добавляет изюминку, а милые хлопковые линии на талии подчёркивают ваши изгибы в самых выигрышных местах. Идеально для танцев и привлечения внимания на любом торжественном мероприятии.',
        'ru'),
       (13, 26, 'Платье из Тюля «Шепчущий Цветок»',
        'Это эфирное платье представляет собой деликатное нарядное платье из серого тюля с легким желтым оттенком, создающее мечтательный, садовый образ. Прозрачные рукава и мягкая, развевающаяся структура формируют очаровательный силуэт, который нежно покачивается с каждым движением. Это поэтичное платье улавливает суть весны и нежную красоту природы.',
        'ru'),
       (14, 28, 'Платье-Халат «Румяный Рассвет»',
        'Это элегантно сдержанное платье-халат в мягком розовом оттенке создает спокойный и изящный образ. Его свободные рукава и расслабленный фасон подчеркивают атмосферу уюта и комфорта. Идеально подходит как для спокойного дня дома, так и для изысканного повседневного мероприятия, это платье воплощает легкость и шик с ноткой романтики.',
        'ru');
